{"time": 1523610859.661, "kappa": 0.726384364820847}
{"time": 1523610930.928, "kappa": 0.726384364820847}
{"time": 1523611703.9350002, "kappa": NaN}
