{"time": 1523610859.661, "kappa": 0.726384364820847}
{"time": 1523610930.928, "kappa": 0.726384364820847}
{"time": 1523610963.325, "kappa": NaN}
{"time": 1523611080.5870001, "kappa": NaN}
{"time": 1523611167.2419999, "kappa": NaN}
{"time": 1523611180.286, "kappa": NaN}
{"time": 1523611273.367, "kappa": NaN}
{"time": 1523611703.9350002, "kappa": NaN}
